text,label
"I absolutely love this product! It exceeded my expectations.",
"Terrible service, I will never buy from them again.",
"It's okay - not great but not bad either.",
"Fast delivery and excellent packaging. Very happy.",
"The item broke after two days. Waste of money.",
"Customer support was helpful and resolved my issue quickly.",
"I don't recommend this to anyone.",
"Five stars! Works like a charm.",
"Mediocre quality, expected better for the price.",
"Amazing experience - will purchase again.",
